molecule_ID,MOL_ID,molecule_name,target_name,target_ID,drugbank_ID,validated,SVM_score,RF_score
18,MOL000018,(+/-)-Isoborneol,Cytochrome P450-cam,1143,2298,,0.92565,0.798
18,MOL000018,(+/-)-Isoborneol,Gamma-aminobutyric-acid receptor alpha-2 subunit,141,423,,0.955653,0.714
18,MOL000018,(+/-)-Isoborneol,Muscarinic acetylcholine receptor M2,210,617,,0.919123,0.7
18,MOL000018,(+/-)-Isoborneol,Gamma-aminobutyric acid receptor subunit alpha-1,309,872,,0.911672,0.746
18,MOL000018,(+/-)-Isoborneol,Muscarinic acetylcholine receptor M3,16,51,,0.97269,0.728
18,MOL000018,(+/-)-Isoborneol,Muscarinic acetylcholine receptor M1,38,103,,0.970655,0.71
18,MOL000018,(+/-)-Isoborneol,Prostaglandin G/H synthase 2,94,290,,0.889333,0.716
18,MOL000018,(+/-)-Isoborneol,Gamma-aminobutyric-acid receptor alpha-5 subunit,181,523,,0.984184,0.708
18,MOL000018,(+/-)-Isoborneol,Sodium-dependent noradrenaline transporter,186,540,,0.969915,0.7
18,MOL000018,(+/-)-Isoborneol,Alpha-1A adrenergic receptor,191,556,,0.895085,0.716
18,MOL000018,(+/-)-Isoborneol,Gamma-aminobutyric-acid receptor alpha-3 subunit,200,580,,0.976011,0.724
18,MOL000018,(+/-)-Isoborneol,Gamma-aminobutyric-acid receptor subunit alpha-6,3284,841,,0.969568,0.722
18,MOL000018,(+/-)-Isoborneol,Progesterone receptor,209,614,,0.901429,0.7
19,MOL000019,D-Camphene,Gamma-aminobutyric-acid receptor alpha-2 subunit,141,423,,0.97279,0.706
19,MOL000019,D-Camphene,Gamma-aminobutyric acid receptor subunit alpha-1,309,872,,0.92752,0.708
19,MOL000019,D-Camphene,Cytochrome P450-cam,1143,2298,,0.90336,0.808
19,MOL000019,D-Camphene,Potassium voltage-gated channel subfamily H member 2,37,101,,0.963193,0.706
19,MOL000019,D-Camphene,Sodium channel protein type 5 subunit alpha,70,220,,0.980498,0.702
19,MOL000019,D-Camphene,Coagulation factor Xa,79,239,,0.92211,0.708
19,MOL000019,D-Camphene,Prostaglandin G/H synthase 2,94,290,,0.918009,0.724
19,MOL000019,D-Camphene,DNA topoisomerase II,287,817,,0.879892,0.704
19,MOL000019,D-Camphene,Nuclear receptor coactivator 2,3276,6241,,0.818001,0.738
19,MOL000019,D-Camphene,Calcium-activated potassium channel subunit alpha 1,3727,610,,0.951105,0.708
19,MOL000019,D-Camphene,Calmodulin,3907,465,,0.814771,0.716
22,MOL000022,"14-acetyl-12-senecioyl-2E,8Z,10E-atractylentriol",Prostaglandin G/H synthase 2,94,290,,0.92173,0.752
23,MOL000023,Hemo-sol,Prostaglandin G/H synthase 2,94,290,,0.855504,0.702
23,MOL000023,Hemo-sol,Gamma-aminobutyric acid receptor subunit alpha-1,309,872,,0.958822,0.702
23,MOL000023,Hemo-sol,Alcohol dehydrogenase 1B,726,444,,0.822685,0.712
23,MOL000023,Hemo-sol,Alcohol dehydrogenase 1C,727,517,,0.827646,0.748
23,MOL000023,Hemo-sol,Cytochrome P450-cam,1143,2298,,0.883042,0.716
23,MOL000023,Hemo-sol,Nuclear receptor coactivator 2,3276,6241,,0.916935,0.746
23,MOL000023,Hemo-sol,Nuclear receptor coactivator 1,3279,6228,,0.935823,0.724
23,MOL000023,Hemo-sol,Muscarinic acetylcholine receptor M2,210,617,,0.810245,0.716
23,MOL000023,Hemo-sol,Gamma-aminobutyric-acid receptor alpha-2 subunit,141,423,,0.977326,0.7
23,MOL000023,Hemo-sol,Muscarinic acetylcholine receptor M1,38,103,,0.888524,0.704
23,MOL000023,Hemo-sol,Gamma-aminobutyric-acid receptor alpha-5 subunit,181,523,,0.938253,0.734
23,MOL000023,Hemo-sol,Gamma-aminobutyric-acid receptor alpha-3 subunit,200,580,,0.895451,0.72
23,MOL000023,Hemo-sol,Ig gamma-1 chain C region,1201,4785,,0.927388,0.716
23,MOL000023,Hemo-sol,Gamma-aminobutyric-acid receptor subunit alpha-6,3284,841,,0.906078,0.724
24,MOL000024,alpha-humulene,Prostaglandin G/H synthase 2,94,290,,0.95108,0.712
24,MOL000024,alpha-humulene,Sodium-dependent noradrenaline transporter,186,540,,0.94783,0.708
24,MOL000024,alpha-humulene,Gamma-aminobutyric acid receptor subunit alpha-1,309,872,,0.97823,0.7
24,MOL000024,alpha-humulene,Nuclear receptor coactivator 2,3276,6241,,0.87027,0.712
24,MOL000024,alpha-humulene,"Renin, renal",99,298,,0.939042,0.704
24,MOL000024,alpha-humulene,Alcohol dehydrogenase 1B,726,444,,0.918852,0.704
24,MOL000024,alpha-humulene,Alcohol dehydrogenase 1C,727,517,,0.924655,0.722
24,MOL000024,alpha-humulene,Tumor necrosis factor,265,777,validated,,
24,MOL000024,alpha-humulene,Interleukin-1 beta,418,1654,validated,,
25,MOL000025,α-Longipinene,Muscarinic acetylcholine receptor M3,16,51,,0.93543,0.7
25,MOL000025,α-Longipinene,Prostaglandin G/H synthase 2,94,290,,0.84647,0.702
25,MOL000025,α-Longipinene,Gamma-aminobutyric acid receptor subunit alpha-1,309,872,,0.93846,0.702
26,MOL000026,stigmast-22E-en-3beta-ol,Progesterone receptor,209,614,,0.92073,0.742
26,MOL000026,stigmast-22E-en-3beta-ol,Nuclear receptor coactivator 2,3276,6241,,0.80274,0.708
27,MOL000027,alpha-Curcumene,Muscarinic acetylcholine receptor M1,38,103,,0.83473,0.704
27,MOL000027,alpha-Curcumene,Prostaglandin G/H synthase 2,94,290,,0.83134,0.76
27,MOL000027,alpha-Curcumene,Sodium-dependent noradrenaline transporter,186,540,,0.86679,0.746
27,MOL000027,alpha-Curcumene,Alpha-1A adrenergic receptor,191,556,,0.8097,0.718
27,MOL000027,alpha-Curcumene,Amine oxidase [flavin-containing] B,565,3939,,0.83129,0.732
27,MOL000027,alpha-Curcumene,Sodium-dependent dopamine transporter,239,713,,0.867659,0.704
29,MOL000029,beta-Humulene,Prostaglandin G/H synthase 2,94,290,,0.94857,0.718
29,MOL000029,beta-Humulene,Gamma-aminobutyric-acid receptor alpha-2 subunit,141,423,,0.97388,0.708
29,MOL000029,beta-Humulene,Sodium-dependent noradrenaline transporter,186,540,,0.94731,0.718
29,MOL000029,beta-Humulene,Gamma-aminobutyric acid receptor subunit alpha-1,309,872,,0.97918,0.716
29,MOL000029,beta-Humulene,Nuclear receptor coactivator 2,3276,6241,,0.86428,0.704
30,MOL000030,(1R)-2-methyl-1-phenylprop-2-en-1-ol,Muscarinic acetylcholine receptor M3,16,51,,0.85801,0.722
30,MOL000030,(1R)-2-methyl-1-phenylprop-2-en-1-ol,Thrombin,17,54,,0.82631,0.778
30,MOL000030,(1R)-2-methyl-1-phenylprop-2-en-1-ol,Muscarinic acetylcholine receptor M1,38,103,,0.89837,0.738
30,MOL000030,(1R)-2-methyl-1-phenylprop-2-en-1-ol,Beta-1 adrenergic receptor,63,193,,0.88016,0.706
30,MOL000030,(1R)-2-methyl-1-phenylprop-2-en-1-ol,Alpha-2C adrenergic receptor,126,378,,0.88754,0.71
30,MOL000030,(1R)-2-methyl-1-phenylprop-2-en-1-ol,Sodium-dependent noradrenaline transporter,186,540,,0.91665,0.736
30,MOL000030,(1R)-2-methyl-1-phenylprop-2-en-1-ol,Alpha-1A adrenergic receptor,191,556,,0.89304,0.732
30,MOL000030,(1R)-2-methyl-1-phenylprop-2-en-1-ol,Muscarinic acetylcholine receptor M2,210,617,,0.89128,0.7
30,MOL000030,(1R)-2-methyl-1-phenylprop-2-en-1-ol,Alpha-1B adrenergic receptor,216,632,,0.91287,0.708
30,MOL000030,(1R)-2-methyl-1-phenylprop-2-en-1-ol,Sodium-dependent dopamine transporter,239,713,,0.91191,0.744
30,MOL000030,(1R)-2-methyl-1-phenylprop-2-en-1-ol,Beta-2 adrenergic receptor,261,766,,0.87029,0.74
30,MOL000030,(1R)-2-methyl-1-phenylprop-2-en-1-ol,Dipeptidyl peptidase IV,332,952,,0.8077,0.71
30,MOL000030,(1R)-2-methyl-1-phenylprop-2-en-1-ol,Beta-lactamase,499,2478,,0.80095,0.736
30,MOL000030,(1R)-2-methyl-1-phenylprop-2-en-1-ol,Chymotrypsinogen B,1696,6011,,0.83694,0.704
31,MOL000031,"(3S)-3-[(1R)-1,5-dimethylhex-4-enyl]-6-methylenecyclohexene",Prostaglandin G/H synthase 2,94,290,,0.93654,0.716
31,MOL000031,"(3S)-3-[(1R)-1,5-dimethylhex-4-enyl]-6-methylenecyclohexene",Sodium-dependent noradrenaline transporter,186,540,,0.91064,0.722
31,MOL000031,"(3S)-3-[(1R)-1,5-dimethylhex-4-enyl]-6-methylenecyclohexene",Amine oxidase [flavin-containing] B,565,3939,,0.86863,0.722
31,MOL000031,"(3S)-3-[(1R)-1,5-dimethylhex-4-enyl]-6-methylenecyclohexene",Nuclear receptor coactivator 2,3276,6241,,0.85596,0.712
32,MOL000032,beta-Eudesmol,Gamma-aminobutyric acid receptor subunit alpha-1,309,872,,0.83109,0.746
32,MOL000032,beta-Eudesmol,"Neuronal acetylcholine receptor protein, alpha-7 chain",581,4095,,0.80216,0.71
33,MOL000033,"(3S,8S,9S,10R,13R,14S,17R)-10,13-dimethyl-17-[(2R,5S)-5-propan-2-yloctan-2-yl]-2,3,4,7,8,9,11,12,14,15,16,17-dodecahydro-1H-cyclopenta[a]phenanthren-3-ol",Progesterone receptor,209,614,,0.90122,0.722
34,MOL000034,"2-[(1R,3S,4S)-3-isopropenyl-4-methyl-4-vinylcyclohexyl]propan-2-ol",Gamma-aminobutyric-acid receptor alpha-2 subunit,141,423,,0.92098,0.714
34,MOL000034,"2-[(1R,3S,4S)-3-isopropenyl-4-methyl-4-vinylcyclohexyl]propan-2-ol",Gamma-aminobutyric-acid receptor alpha-3 subunit,200,580,,0.9224,0.712
34,MOL000034,"2-[(1R,3S,4S)-3-isopropenyl-4-methyl-4-vinylcyclohexyl]propan-2-ol",Muscarinic acetylcholine receptor M2,210,617,,0.88592,0.704
34,MOL000034,"2-[(1R,3S,4S)-3-isopropenyl-4-methyl-4-vinylcyclohexyl]propan-2-ol",Gamma-aminobutyric acid receptor subunit alpha-1,309,872,,0.9286,0.742
34,MOL000034,"2-[(1R,3S,4S)-3-isopropenyl-4-methyl-4-vinylcyclohexyl]propan-2-ol","Neuronal acetylcholine receptor protein, alpha-7 chain",581,4095,,0.86139,0.706
34,MOL000034,"2-[(1R,3S,4S)-3-isopropenyl-4-methyl-4-vinylcyclohexyl]propan-2-ol",Glutamate receptor 2,3216,921,,0.83083,0.7
34,MOL000034,"2-[(1R,3S,4S)-3-isopropenyl-4-methyl-4-vinylcyclohexyl]propan-2-ol",Gamma-aminobutyric-acid receptor subunit alpha-6,3284,841,,0.87256,0.714
34,MOL000034,"2-[(1R,3S,4S)-3-isopropenyl-4-methyl-4-vinylcyclohexyl]propan-2-ol",Gamma-aminobutyric-acid receptor alpha-5 subunit,181,523,,0.925847,0.722
34,MOL000034,"2-[(1R,3S,4S)-3-isopropenyl-4-methyl-4-vinylcyclohexyl]propan-2-ol",Muscarinic acetylcholine receptor M3,16,51,,0.849558,0.74
34,MOL000034,"2-[(1R,3S,4S)-3-isopropenyl-4-methyl-4-vinylcyclohexyl]propan-2-ol",Muscarinic acetylcholine receptor M1,38,103,,0.860792,0.762
34,MOL000034,"2-[(1R,3S,4S)-3-isopropenyl-4-methyl-4-vinylcyclohexyl]propan-2-ol",Muscarinic acetylcholine receptor M4,154,450,,0.836762,0.704
34,MOL000034,"2-[(1R,3S,4S)-3-isopropenyl-4-methyl-4-vinylcyclohexyl]propan-2-ol",5-hydroxytryptamine 2A receptor,175,502,,0.863576,0.726
34,MOL000034,"2-[(1R,3S,4S)-3-isopropenyl-4-methyl-4-vinylcyclohexyl]propan-2-ol",Sodium-dependent noradrenaline transporter,186,540,,0.801493,0.744
34,MOL000034,"2-[(1R,3S,4S)-3-isopropenyl-4-methyl-4-vinylcyclohexyl]propan-2-ol",Beta-2 adrenergic receptor,261,766,,0.827023,0.718
34,MOL000034,"2-[(1R,3S,4S)-3-isopropenyl-4-methyl-4-vinylcyclohexyl]propan-2-ol",Sodium-dependent serotonin transporter,290,824,,0.842684,0.734
35,MOL000035,beta-Selinene,Prostaglandin G/H synthase 1,6,20,,0.88781,0.712
35,MOL000035,beta-Selinene,Muscarinic acetylcholine receptor M3,16,51,,0.91178,0.72
35,MOL000035,beta-Selinene,Muscarinic acetylcholine receptor M1,38,103,,0.90916,0.726
35,MOL000035,beta-Selinene,Prostaglandin G/H synthase 2,94,290,,0.93743,0.762
35,MOL000035,beta-Selinene,Gamma-aminobutyric-acid receptor alpha-2 subunit,141,423,,0.94199,0.716
35,MOL000035,beta-Selinene,Retinoic acid receptor RXR-alpha,158,459,,0.90556,0.732
35,MOL000035,beta-Selinene,Sodium-dependent noradrenaline transporter,186,540,,0.91501,0.722
35,MOL000035,beta-Selinene,Gamma-aminobutyric-acid receptor alpha-3 subunit,200,580,,0.94492,0.7
35,MOL000035,beta-Selinene,Muscarinic acetylcholine receptor M2,210,617,,0.91021,0.722
35,MOL000035,beta-Selinene,Alpha-1B adrenergic receptor,216,632,,0.83694,0.71
35,MOL000035,beta-Selinene,Gamma-aminobutyric acid receptor subunit alpha-1,309,872,,0.95928,0.738
35,MOL000035,beta-Selinene,Nuclear receptor coactivator 2,3276,6241,,0.83351,0.738
35,MOL000035,beta-Selinene,Gamma-aminobutyric-acid receptor subunit alpha-6,3284,841,,0.93057,0.726
36,MOL000036,beta-caryophyllene,Prostaglandin G/H synthase 1,6,20,,0.94544,0.706
36,MOL000036,beta-caryophyllene,Muscarinic acetylcholine receptor M3,16,51,,0.97323,0.716
36,MOL000036,beta-caryophyllene,Muscarinic acetylcholine receptor M1,38,103,,0.96669,0.71
36,MOL000036,beta-caryophyllene,Prostaglandin G/H synthase 2,94,290,,0.96278,0.736
36,MOL000036,beta-caryophyllene,Gamma-aminobutyric-acid receptor alpha-2 subunit,141,423,,0.97982,0.726
36,MOL000036,beta-caryophyllene,Retinoic acid receptor RXR-alpha,158,459,,0.93105,0.702
36,MOL000036,beta-caryophyllene,Muscarinic acetylcholine receptor M2,210,617,,0.96067,0.724
36,MOL000036,beta-caryophyllene,Alpha-1B adrenergic receptor,216,632,,0.93468,0.716
36,MOL000036,beta-caryophyllene,Neuronal acetylcholine receptor subunit alpha-2,284,813,,0.93684,0.702
36,MOL000036,beta-caryophyllene,Gamma-aminobutyric acid receptor subunit alpha-1,309,872,,0.98475,0.728
36,MOL000036,beta-caryophyllene,Nuclear receptor coactivator 2,3276,6241,,0.88866,0.726
36,MOL000036,beta-caryophyllene,Gamma-aminobutyric-acid receptor subunit alpha-6,3284,841,,0.96845,0.726
36,MOL000036,beta-caryophyllene,Sodium-dependent noradrenaline transporter,186,540,,0.95308,0.702
36,MOL000036,beta-caryophyllene,Alpha-1A adrenergic receptor,191,556,,0.86538,0.708
36,MOL000036,beta-caryophyllene,Sodium-dependent dopamine transporter,239,713,,0.92417,0.7
36,MOL000036,beta-caryophyllene,Interleukin-6,351,1159,validated,,
37,MOL000037,γ-elemene,Prostaglandin G/H synthase 1,6,20,,0.92134,0.712
37,MOL000037,γ-elemene,Muscarinic acetylcholine receptor M3,16,51,,0.96186,0.7
37,MOL000037,γ-elemene,Prostaglandin G/H synthase 2,94,290,,0.94101,0.74
37,MOL000037,γ-elemene,Gamma-aminobutyric-acid receptor alpha-2 subunit,141,423,,0.97977,0.73
37,MOL000037,γ-elemene,Retinoic acid receptor RXR-alpha,158,459,,0.90867,0.702
37,MOL000037,γ-elemene,Sodium-dependent noradrenaline transporter,186,540,,0.9519,0.706
37,MOL000037,γ-elemene,Alpha-1A adrenergic receptor,191,556,,0.86135,0.708
37,MOL000037,γ-elemene,Gamma-aminobutyric-acid receptor alpha-3 subunit,200,580,,0.98025,0.706
37,MOL000037,γ-elemene,Muscarinic acetylcholine receptor M2,210,617,,0.95906,0.702
37,MOL000037,γ-elemene,Gamma-aminobutyric acid receptor subunit alpha-1,309,872,,0.98172,0.728
37,MOL000037,γ-elemene,Gamma-aminobutyric-acid receptor subunit alpha-6,3284,841,,0.96716,0.712
38,MOL000038,Akridin,Prostaglandin G/H synthase 1,6,20,,0.83353,0.748
38,MOL000038,Akridin,Prostaglandin G/H synthase 2,94,290,,0.83384,0.812
38,MOL000038,Akridin,Amine oxidase [flavin-containing] B,565,3939,,0.88027,0.75
38,MOL000038,Akridin,Nuclear receptor coactivator 2,3276,6241,,0.80722,0.732
39,MOL000039,"(1S,2R,4R)-Neoiso-dihydrocarveol",Muscarinic acetylcholine receptor M1,38,103,,0.86583,0.708
39,MOL000039,"(1S,2R,4R)-Neoiso-dihydrocarveol","Renin, renal",99,298,,0.90228,0.702
39,MOL000039,"(1S,2R,4R)-Neoiso-dihydrocarveol",Muscarinic acetylcholine receptor M2,210,617,,0.86056,0.726
39,MOL000039,"(1S,2R,4R)-Neoiso-dihydrocarveol",Gamma-aminobutyric acid receptor subunit alpha-1,309,872,,0.89417,0.732
40,MOL000040,Scopoletol,Prostaglandin G/H synthase 1,6,20,,0.93289,0.786
40,MOL000040,Scopoletol,Thrombin,17,54,,0.89645,0.782
40,MOL000040,Scopoletol,NRH dehydrogenase [quinone] 2,80,243,,0.80687,0.708
40,MOL000040,Scopoletol,Prostaglandin G/H synthase 2,94,290,,0.95256,0.828
40,MOL000040,Scopoletol,Carbonic anhydrase I,97,295,,0.80448,0.706
40,MOL000040,Scopoletol,Beta-2 adrenergic receptor,261,766,,0.85755,0.732
40,MOL000040,Scopoletol,Leukotriene A-4 hydrolase,521,3060,,0.87199,0.716
40,MOL000040,Scopoletol,Amine oxidase [flavin-containing] B,565,3939,,0.93876,0.744
40,MOL000040,Scopoletol,Glutamate receptor 2,3216,921,,0.87694,0.704
40,MOL000040,Scopoletol,mRNA of PKA Catalytic Subunit C-alpha,699,6263,,0.8262,0.7
40,MOL000040,Scopoletol,Sodium-dependent noradrenaline transporter,186,540,,0.80058,0.714
40,MOL000040,Scopoletol,Queuine tRNA-ribosyltransferase,1825,2561,,0.894998,0.7
41,MOL000041,PHA,Prostaglandin G/H synthase 1,6,20,,0.89587,0.744
41,MOL000041,PHA,Thrombin,17,54,,0.93763,0.83
41,MOL000041,PHA,Muscarinic acetylcholine receptor M1,38,103,,0.80025,0.738
41,MOL000041,PHA,Beta-1 adrenergic receptor,63,193,,0.87543,0.738
41,MOL000041,PHA,Sodium channel protein type 5 subunit alpha,70,220,,0.80962,0.702
41,MOL000041,PHA,Prostaglandin G/H synthase 2,94,290,,0.9157,0.826
41,MOL000041,PHA,"Nitric-oxide synthase, endothelial",95,291,,0.92853,0.792
41,MOL000041,PHA,Alpha-2A adrenergic receptor,105,318,,0.92068,0.724
41,MOL000041,PHA,Alpha-2C adrenergic receptor,126,378,,0.85939,0.742
41,MOL000041,PHA,Acetylcholinesterase,165,474,,0.86666,0.744
41,MOL000041,PHA,Sodium-dependent noradrenaline transporter,186,540,,0.89022,0.714
41,MOL000041,PHA,Alpha-1A adrenergic receptor,191,556,,0.87469,0.722
41,MOL000041,PHA,Alpha-1B adrenergic receptor,216,632,,0.82739,0.732
41,MOL000041,PHA,Sodium-dependent dopamine transporter,239,713,,0.8903,0.738
41,MOL000041,PHA,Beta-2 adrenergic receptor,261,766,,0.87363,0.756
41,MOL000041,PHA,Dipeptidyl peptidase IV,332,952,,0.9074,0.738
41,MOL000041,PHA,Beta-lactamase,499,2478,,0.91809,0.74
41,MOL000041,PHA,Amine oxidase [flavin-containing] B,565,3939,,0.96835,0.756
41,MOL000041,PHA,Lysozyme,1172,2300,,0.90533,0.7
41,MOL000041,PHA,Thermolysin,1179,6285,,0.90535,0.7
41,MOL000041,PHA,Amine oxidase [flavin-containing] A,566,3941,,0.965287,0.706
41,MOL000041,PHA,Gag-Pol polyprotein,1620,2237,,0.929016,0.708
41,MOL000041,PHA,Chymotrypsinogen B,1696,6011,,0.889275,0.702
41,MOL000041,PHA,Dopamine D1 receptor,7,23,,0.85296,0.7
41,MOL000041,PHA,Alpha-2B adrenergic receptor,214,629,,0.90214,0.702
42,MOL000042,LPG,Prostaglandin G/H synthase 1,6,20,,0.9546,0.76
42,MOL000042,LPG,"Succinate semialdehyde dehydrogenase, mitochondrial",59,170,,0.95574,0.712
42,MOL000042,LPG,"4-aminobutyrate aminotransferase, mitochondrial",92,280,,0.93586,0.784
42,MOL000042,LPG,DNA polymerase (HSV),111,338,,0.90033,0.708
42,MOL000042,LPG,Glutamate [NMDA] receptor subunit zeta-1,137,401,,0.91989,0.726
42,MOL000042,LPG,Kynureninase,148,435,,0.91563,0.744
42,MOL000042,LPG,Glycine receptor alpha-1 chain,169,482,,0.94857,0.81
42,MOL000042,LPG,"Aspartate aminotransferase, cytoplasmic",202,586,,0.85506,0.738
42,MOL000042,LPG,Gamma-aminobutyric acid receptor subunit alpha-1,309,872,,0.83798,0.756
42,MOL000042,LPG,Proto-oncogene tyrosine-protein kinase SRC,319,933,,0.93268,0.754
42,MOL000042,LPG,"Glycogen phosphorylase, muscle form",350,1152,,0.90504,0.708
42,MOL000042,LPG,Cathepsin D,363,1243,,0.92897,0.74
42,MOL000042,LPG,Neutrophil collagenase,468,2154,,0.82669,0.724
42,MOL000042,LPG,Macrophage metalloelastase,476,2203,,0.84272,0.708
42,MOL000042,LPG,Cholinesterase,559,3923,,0.95628,0.744
42,MOL000042,LPG,Xanthine dehydrogenase/oxidase,568,3947,,0.90593,0.72
42,MOL000042,LPG,Alcohol dehydrogenase 1B,726,444,,0.86839,0.802
42,MOL000042,LPG,Alcohol dehydrogenase 1C,727,517,,0.90579,0.822
42,MOL000042,LPG,Alcohol dehydrogenase 1A,729,251,,0.81913,0.766
42,MOL000042,LPG,Arginase-1,730,315,,0.82377,0.712
42,MOL000042,LPG,Catalase,735,2230,,0.88355,0.714
42,MOL000042,LPG,Ribonucleoside-diphosphate reductase large subunit,749,360,,0.86279,0.714
42,MOL000042,LPG,Pyruvate kinase isozymes R/L,755,52,,0.90269,0.702
42,MOL000042,LPG,Cytochrome P450-cam,1143,2298,,0.88972,0.748
42,MOL000042,LPG,Aspartate aminotransferase,1161,2249,,0.91433,0.748
42,MOL000042,LPG,Beta-galactosidase,1173,2592,,0.80676,0.736
42,MOL000042,LPG,Ferrichrome-iron receptor,1306,2427,,0.96781,0.742
42,MOL000042,LPG,Histidinol dehydrogenase,1309,3191,,0.90929,0.734
42,MOL000042,LPG,Formate acetyltransferase 1,1353,3178,,0.85583,0.744
42,MOL000042,LPG,Adenylosuccinate synthetase,1458,2632,,0.9397,0.736
42,MOL000042,LPG,Alanine racemase,1591,2453,,0.93647,0.736
42,MOL000042,LPG,Gag-Pol polyprotein,1620,2237,,0.8935,0.76
42,MOL000042,LPG,D-alanyl-D-alanine carboxypeptidase,1669,2461,,0.91373,0.732
42,MOL000042,LPG,Monomeric sarcosine oxidase,1940,2380,,0.91309,0.732
42,MOL000042,LPG,Bacillolysin,1961,2457,,0.90518,0.772
42,MOL000042,LPG,Dihydroxyacetone kinase,1992,2397,,0.94933,0.746
42,MOL000042,LPG,Haloalkane dehalogenase,2020,2281,,0.92712,0.724
42,MOL000042,LPG,2-isopropylmalate synthase,2223,3179,,0.97944,0.718
42,MOL000042,LPG,"2-hydroxy-6-oxo-7-methylocta-2,4-dienoate hydrolase",2230,4674,,0.94989,0.76
42,MOL000042,LPG,1-aminocyclopropane-1-carboxylate deaminase,2235,2518,,0.95686,0.746
42,MOL000042,LPG,Nicotinate-nucleotide--dimethylbenzimidazole phosphoribosyltransferase,2262,2264,,0.82336,0.76
42,MOL000042,LPG,Growth-inhibiting protein 18,2290,3877,,0.86594,0.714
42,MOL000042,LPG,Methylmalonyl-CoA carboxyltransferase 5S subunit,2479,2983,,0.96292,0.706
42,MOL000042,LPG,Coagulation factor XIII A chain,2873,6,,0.90685,0.714
42,MOL000042,LPG,"Aspartate aminotransferase, mitochondrial",2874,426,,0.83637,0.722
42,MOL000042,LPG,Pyruvate kinase isozymes M1/M2,2986,98,,0.85878,0.738
42,MOL000042,LPG,Serine--pyruvate aminotransferase,3031,349,,0.94333,0.756
42,MOL000042,LPG,Alanine aminotransferase 1,3145,735,,0.9205,0.758
42,MOL000042,LPG,Cystathionine gamma-lyase,3190,868,,0.86318,0.754
42,MOL000042,LPG,"Alanine--glyoxylate aminotransferase 2, mitochondrial",3427,114,,0.92184,0.778
42,MOL000042,LPG,NADP-dependent malic enzyme,3528,666,,0.96332,0.72
42,MOL000042,LPG,"Alanyl-tRNA synthetase, cytoplasmic",3543,323,,0.91278,0.746
42,MOL000042,LPG,"Glycine amidinotransferase, mitochondrial",3553,383,,0.95737,0.776
42,MOL000042,LPG,"Cysteine desulfurase, mitochondrial",3635,169,,0.93802,0.748
42,MOL000042,LPG,Alanine--glyoxylate aminotransferase 2-like 2,3647,3899,,0.91723,0.718
42,MOL000042,LPG,Proton-coupled amino acid transporter 1,3660,593,,0.92645,0.738
42,MOL000042,LPG,L-lactate dehydrogenase A chain,3696,473,,0.92822,0.702
42,MOL000042,LPG,Triosephosphate isomerase,3797,6346,,0.90047,0.71
42,MOL000042,LPG,Glucose-6-phosphate isomerase,3824,2206,,0.8113,0.7
42,MOL000042,LPG,"NAD-dependent malic enzyme, mitochondrial",3826,166,,0.93189,0.766
42,MOL000042,LPG,SHMT2 protein,3840,3884,,0.87919,0.712
42,MOL000042,LPG,"NADP-dependent malic enzyme, mitochondrial",3853,363,,0.9652,0.74
42,MOL000042,LPG,L-lactate dehydrogenase B chain,3913,77,,0.89299,0.702
42,MOL000042,LPG,Trypsin-3,3952,2886,,0.94957,0.724
42,MOL000042,LPG,"Ornithine aminotransferase, mitochondrial",164,472,,0.923673,0.708
42,MOL000042,LPG,UDP-glucose 4-epimerase,511,2762,,0.921171,0.7
42,MOL000042,LPG,M-phase inducer phosphatase 2,525,3105,,0.801246,0.734
42,MOL000042,LPG,Elastase 1,698,6260,,0.93915,0.706
42,MOL000042,LPG,Phosphonoacetaldehyde hydrolase,1060,5363,,0.937982,0.71
42,MOL000042,LPG,Fumarate hydratase class II,1269,3486,,0.88319,0.7
42,MOL000042,LPG,Phosphotriesterase,2652,5742,,0.941863,0.706
42,MOL000042,LPG,"2-amino-3-ketobutyrate coenzyme A ligase, mitochondrial",3755,575,,0.908072,0.7
43,MOL000043,atractylenolide i,Gamma-aminobutyric-acid receptor alpha-2 subunit,141,423,,0.80544,0.708
43,MOL000043,atractylenolide i,Gamma-aminobutyric acid receptor subunit alpha-1,309,872,,0.90266,0.748
43,MOL000043,atractylenolide i,"Neuronal acetylcholine receptor protein, alpha-7 chain",581,4095,,0.8307,0.718
43,MOL000043,atractylenolide i,Vascular endothelial growth factor A,740,183,validated,,
43,MOL000043,atractylenolide i,Tumor necrosis factor,265,777,validated,,
43,MOL000043,atractylenolide i,Interleukin-6,351,1159,validated,,
43,MOL000043,atractylenolide i,Interleukin-1 beta,418,1654,validated,,
43,MOL000043,atractylenolide i,Placenta growth factor,942,5377,validated,,
44,MOL000044,atractylenolideII,Gamma-aminobutyric-acid receptor alpha-2 subunit,141,423,,0.83281,0.722
44,MOL000044,atractylenolideII,Gamma-aminobutyric-acid receptor alpha-3 subunit,200,580,,0.81818,0.704
44,MOL000044,atractylenolideII,Gamma-aminobutyric acid receptor subunit alpha-1,309,872,,0.90909,0.756
44,MOL000044,atractylenolideII,"Neuronal acetylcholine receptor protein, alpha-7 chain",581,4095,,0.85243,0.726
44,MOL000044,atractylenolideII,Glutamate receptor 2,3216,921,,0.83029,0.71
45,MOL000045,atractylenolide iii,Gamma-aminobutyric acid receptor subunit alpha-1,309,872,,0.92225,0.742
45,MOL000045,atractylenolide iii,"Neuronal acetylcholine receptor protein, alpha-7 chain",581,4095,,0.84633,0.7
45,MOL000045,atractylenolide iii,Glutamate receptor 2,3216,921,,0.84848,0.72
45,MOL000045,atractylenolide iii,Gamma-aminobutyric-acid receptor subunit alpha-6,3284,841,,0.82413,0.712
45,MOL000045,atractylenolide iii,Tumor necrosis factor,265,777,validated,,
46,MOL000046,atractylone,Dopamine D1 receptor,7,23,,0.84702,0.7
46,MOL000046,atractylone,Muscarinic acetylcholine receptor M3,16,51,,0.90611,0.75
46,MOL000046,atractylone,Thrombin,17,54,,0.80871,0.758
46,MOL000046,atractylone,Muscarinic acetylcholine receptor M1,38,103,,0.92845,0.74
46,MOL000046,atractylone,Beta-1 adrenergic receptor,63,193,,0.87101,0.708
46,MOL000046,atractylone,Sodium channel protein type 5 subunit alpha,70,220,,0.81966,0.718
46,MOL000046,atractylone,"Nitric-oxide synthase, endothelial",95,291,,0.81863,0.708
46,MOL000046,atractylone,Muscarinic acetylcholine receptor M4,154,450,,0.88384,0.706
46,MOL000046,atractylone,"CGMP-inhibited 3',5'-cyclic phosphodiesterase A",172,485,,0.87386,0.702
46,MOL000046,atractylone,5-hydroxytryptamine 2A receptor,175,502,,0.8707,0.708
46,MOL000046,atractylone,Sodium-dependent noradrenaline transporter,186,540,,0.85772,0.71
46,MOL000046,atractylone,Alpha-1A adrenergic receptor,191,556,,0.88109,0.726
46,MOL000046,atractylone,Muscarinic acetylcholine receptor M2,210,617,,0.92113,0.708
46,MOL000046,atractylone,Alpha-1B adrenergic receptor,216,632,,0.86896,0.74
46,MOL000046,atractylone,Sodium-dependent dopamine transporter,239,713,,0.84492,0.72
46,MOL000046,atractylone,Beta-2 adrenergic receptor,261,766,,0.90602,0.75
46,MOL000046,atractylone,Mu-type opioid receptor,299,847,,0.80065,0.704
46,MOL000046,atractylone,"Neuronal acetylcholine receptor protein, alpha-7 chain",581,4095,,0.80412,0.71
47,MOL000047,juniper camphor,Muscarinic acetylcholine receptor M3,16,51,,0.85899,0.744
47,MOL000047,juniper camphor,Muscarinic acetylcholine receptor M1,38,103,,0.8776,0.746
47,MOL000047,juniper camphor,Prostaglandin G/H synthase 2,94,290,,0.82507,0.746
47,MOL000047,juniper camphor,Gamma-aminobutyric-acid receptor alpha-2 subunit,141,423,,0.92666,0.706
47,MOL000047,juniper camphor,Retinoic acid receptor RXR-alpha,158,459,,0.80019,0.702
47,MOL000047,juniper camphor,Gamma-aminobutyric-acid receptor alpha-3 subunit,200,580,,0.91859,0.7
47,MOL000047,juniper camphor,Muscarinic acetylcholine receptor M2,210,617,,0.90518,0.73
47,MOL000047,juniper camphor,Gamma-aminobutyric acid receptor subunit alpha-1,309,872,,0.93932,0.742
47,MOL000047,juniper camphor,Gamma-aminobutyric-acid receptor subunit alpha-6,3284,841,,0.89903,0.732
48,MOL000048,"(5E,9Z)-3,6,10-trimethyl-4,7,8,11-tetrahydrocyclodeca[b]furan",Muscarinic acetylcholine receptor M3,16,51,,0.88872,0.71
48,MOL000048,"(5E,9Z)-3,6,10-trimethyl-4,7,8,11-tetrahydrocyclodeca[b]furan",Thrombin,17,54,,0.8178,0.792
48,MOL000048,"(5E,9Z)-3,6,10-trimethyl-4,7,8,11-tetrahydrocyclodeca[b]furan",Muscarinic acetylcholine receptor M1,38,103,,0.90907,0.728
48,MOL000048,"(5E,9Z)-3,6,10-trimethyl-4,7,8,11-tetrahydrocyclodeca[b]furan",Prostaglandin G/H synthase 2,94,290,,0.81235,0.784
48,MOL000048,"(5E,9Z)-3,6,10-trimethyl-4,7,8,11-tetrahydrocyclodeca[b]furan","Nitric-oxide synthase, endothelial",95,291,,0.81804,0.734
48,MOL000048,"(5E,9Z)-3,6,10-trimethyl-4,7,8,11-tetrahydrocyclodeca[b]furan","CGMP-inhibited 3',5'-cyclic phosphodiesterase A",172,485,,0.87442,0.704
48,MOL000048,"(5E,9Z)-3,6,10-trimethyl-4,7,8,11-tetrahydrocyclodeca[b]furan",Sodium-dependent noradrenaline transporter,186,540,,0.84036,0.7
48,MOL000048,"(5E,9Z)-3,6,10-trimethyl-4,7,8,11-tetrahydrocyclodeca[b]furan",Beta-2 adrenergic receptor,261,766,,0.87534,0.704
48,MOL000048,"(5E,9Z)-3,6,10-trimethyl-4,7,8,11-tetrahydrocyclodeca[b]furan",Sodium-dependent serotonin transporter,290,824,,0.87753,0.708
48,MOL000048,"(5E,9Z)-3,6,10-trimethyl-4,7,8,11-tetrahydrocyclodeca[b]furan",Androgen receptor,48,146,,0.916753,0.7
49,MOL000049,3β-acetoxyatractylone,Muscarinic acetylcholine receptor M3,16,51,,0.875,0.748
49,MOL000049,3β-acetoxyatractylone,Thrombin,17,54,,0.86944,0.762
49,MOL000049,3β-acetoxyatractylone,Muscarinic acetylcholine receptor M1,38,103,,0.89041,0.726
49,MOL000049,3β-acetoxyatractylone,Androgen receptor,48,146,,0.8873,0.832
49,MOL000049,3β-acetoxyatractylone,Sodium channel protein type 5 subunit alpha,70,220,,0.83779,0.706
49,MOL000049,3β-acetoxyatractylone,Prostaglandin G/H synthase 2,94,290,,0.86238,0.8
49,MOL000049,3β-acetoxyatractylone,"Nitric-oxide synthase, endothelial",95,291,,0.84726,0.72
49,MOL000049,3β-acetoxyatractylone,Retinoic acid receptor RXR-alpha,158,459,,0.84552,0.724
49,MOL000049,3β-acetoxyatractylone,Acetylcholinesterase,165,474,,0.83425,0.768
49,MOL000049,3β-acetoxyatractylone,Alpha-1A adrenergic receptor,191,556,,0.82815,0.7
49,MOL000049,3β-acetoxyatractylone,Muscarinic acetylcholine receptor M2,210,617,,0.90227,0.702
49,MOL000049,3β-acetoxyatractylone,Beta-2 adrenergic receptor,261,766,,0.85147,0.71
49,MOL000049,3β-acetoxyatractylone,Mu-type opioid receptor,299,847,,0.8656,0.732
49,MOL000049,3β-acetoxyatractylone,Gamma-aminobutyric acid receptor subunit alpha-1,309,872,,0.88384,0.74
49,MOL000049,3β-acetoxyatractylone,Dipeptidyl peptidase IV,332,952,,0.8855,0.72
49,MOL000049,3β-acetoxyatractylone,"Neuronal acetylcholine receptor protein, alpha-7 chain",581,4095,,0.80587,0.73
50,MOL000050,GLY,Prostaglandin G/H synthase 1,6,20,,0.9869,0.754
50,MOL000050,GLY,"Nitric-oxide synthase, brain",28,76,,0.94678,0.768
50,MOL000050,GLY,"Aldehyde dehydrogenase, mitochondrial",49,147,,0.91844,0.712
50,MOL000050,GLY,"Succinate semialdehyde dehydrogenase, mitochondrial",59,170,,0.98635,0.722
50,MOL000050,GLY,"4-aminobutyrate aminotransferase, mitochondrial",92,280,,0.98251,0.784
50,MOL000050,GLY,Prostaglandin G/H synthase 2,94,290,,0.91797,0.742
50,MOL000050,GLY,"Renin, renal",99,298,,0.98171,0.702
50,MOL000050,GLY,"Serine hydroxymethyltransferase, mitochondrial",107,321,,0.91515,0.742
50,MOL000050,GLY,DNA polymerase (HSV),111,338,,0.97137,0.722
50,MOL000050,GLY,Coagulation factor VII,123,369,,0.87434,0.712
50,MOL000050,GLY,Glutamate [NMDA] receptor subunit zeta-1,137,401,,0.96231,0.744
50,MOL000050,GLY,Kynureninase,148,435,,0.95772,0.724
50,MOL000050,GLY,Glutamate [NMDA] receptor subunit epsilon 2,161,464,,0.82129,0.702
50,MOL000050,GLY,"Ornithine aminotransferase, mitochondrial",164,472,,0.973,0.714
50,MOL000050,GLY,Glycine receptor alpha-1 chain,169,482,,0.98051,0.814
50,MOL000050,GLY,"Aspartate aminotransferase, cytoplasmic",202,586,,0.90666,0.754
50,MOL000050,GLY,Aldose reductase,288,822,,0.88883,0.728
50,MOL000050,GLY,Glutamate [NMDA] receptor subunit epsilon 1,295,837,,0.91817,0.778
50,MOL000050,GLY,Gamma-aminobutyric acid receptor subunit alpha-1,309,872,,0.92079,0.754
50,MOL000050,GLY,Proto-oncogene tyrosine-protein kinase SRC,319,933,,0.98099,0.762
50,MOL000050,GLY,"Glycogen phosphorylase, muscle form",350,1152,,0.96952,0.728
50,MOL000050,GLY,Sodium- and chloride-dependent glycine transporter 1,362,1236,,0.92109,0.708
50,MOL000050,GLY,Cathepsin D,363,1243,,0.97209,0.74
50,MOL000050,GLY,Beta-catenin,386,1392,,0.91071,0.712
50,MOL000050,GLY,Lactotransferrin,390,1439,,0.86105,0.706
50,MOL000050,GLY,Inhibitor of nuclear factor kappa B kinase beta subunit,458,2038,,0.96531,0.704
50,MOL000050,GLY,Neutrophil collagenase,468,2154,,0.91942,0.732
50,MOL000050,GLY,Macrophage metalloelastase,476,2203,,0.95025,0.726
50,MOL000050,GLY,Leukotriene A-4 hydrolase,521,3060,,0.85849,0.754
50,MOL000050,GLY,M-phase inducer phosphatase 2,525,3105,,0.93856,0.752
50,MOL000050,GLY,"Thioredoxin reductase, cytoplasmic",538,3610,,0.97867,0.728
50,MOL000050,GLY,Cholinesterase,559,3923,,0.985,0.772
50,MOL000050,GLY,Amine oxidase [flavin-containing] B,565,3939,,0.85715,0.704
50,MOL000050,GLY,Xanthine dehydrogenase/oxidase,568,3947,,0.96675,0.75
50,MOL000050,GLY,Pancreatic alpha-amylase,622,4513,,0.83464,0.708
50,MOL000050,GLY,Elastase 1,698,6260,,0.95411,0.758
50,MOL000050,GLY,Phospholipase A2,708,6500,,0.8938,0.714
50,MOL000050,GLY,Alcohol dehydrogenase 1B,726,444,,0.95652,0.8
50,MOL000050,GLY,Alcohol dehydrogenase 1C,727,517,,0.96799,0.804
50,MOL000050,GLY,Alcohol dehydrogenase 1A,729,251,,0.93769,0.762
50,MOL000050,GLY,Arginase-1,730,315,,0.92329,0.7
50,MOL000050,GLY,Catalase,735,2230,,0.96496,0.726
50,MOL000050,GLY,"Glycine dehydrogenase [decarboxylating], mitochondrial",741,681,,0.91196,0.744
50,MOL000050,GLY,Ribonucleoside-diphosphate reductase large subunit,749,360,,0.96321,0.76
50,MOL000050,GLY,Pyruvate kinase isozymes R/L,755,52,,0.95954,0.728
50,MOL000050,GLY,"Dihydroorotate dehydrogenase, mitochondrial",756,424,,0.87927,0.702
50,MOL000050,GLY,Sigma factor sigB regulation protein rsbQ,1040,3490,,0.96262,0.708
50,MOL000050,GLY,Phosphoribosylformylglycinamidine synthase,1052,3982,,0.94059,0.7
50,MOL000050,GLY,Phosphonoacetaldehyde hydrolase,1060,5363,,0.95522,0.7
50,MOL000050,GLY,Glycine oxidase,1067,2893,,0.92293,0.702
50,MOL000050,GLY,Cytochrome P450-cam,1143,2298,,0.93544,0.758
50,MOL000050,GLY,Aspartate aminotransferase,1161,2249,,0.97027,0.75
50,MOL000050,GLY,Beta-galactosidase,1173,2592,,0.9318,0.75
50,MOL000050,GLY,Methionyl-tRNA synthetase,1190,2800,,0.93564,0.702
50,MOL000050,GLY,Ferrichrome-iron receptor,1306,2427,,0.98028,0.742
50,MOL000050,GLY,Histidinol dehydrogenase,1309,3191,,0.94186,0.746
50,MOL000050,GLY,Pyruvate dehydrogenase [cytochrome],1311,845,,0.95653,0.72
50,MOL000050,GLY,Acetyl-CoA acetyltransferase,1316,2596,,0.90354,0.712
50,MOL000050,GLY,Formate dehydrogenase H,1326,2638,,0.84931,0.74
50,MOL000050,GLY,Formate acetyltransferase 1,1353,3178,,0.95757,0.752
50,MOL000050,GLY,Adenylosuccinate synthetase,1458,2632,,0.9706,0.724
50,MOL000050,GLY,Beta-lactamase SHV-2 precursor,1504,3701,,0.98277,0.736
50,MOL000050,GLY,Succinate dehydrogenase flavoprotein subunit,1524,5725,,0.92556,0.7
50,MOL000050,GLY,Beta-lactamase SHV-1 precursor,1531,3687,,0.98332,0.744
50,MOL000050,GLY,Beta-lactamase SHV-1,1532,6691,,0.98332,0.744
50,MOL000050,GLY,Alanine racemase,1591,2453,,0.96343,0.734
50,MOL000050,GLY,Gag-Pol polyprotein,1620,2237,,0.96643,0.764
50,MOL000050,GLY,Methionine synthase,1634,2935,,0.96076,0.73
50,MOL000050,GLY,D-alanyl-D-alanine carboxypeptidase,1669,2461,,0.93292,0.714
50,MOL000050,GLY,Sensor protein fixL,1755,2915,,0.90461,0.702
50,MOL000050,GLY,Siroheme synthase,1785,4318,,0.9589,0.704
50,MOL000050,GLY,"Acetolactate synthase, catabolic",1815,2786,,0.91592,0.706
50,MOL000050,GLY,Beta-amylase,1902,3365,,0.87635,0.726
50,MOL000050,GLY,Alpha-ketoglutarate-dependent taurine dioxygenase,1910,2529,,0.96492,0.7
50,MOL000050,GLY,Endoglucanase G,1913,2802,,0.87811,0.708
50,MOL000050,GLY,Monomeric sarcosine oxidase,1940,2380,,0.96009,0.744
50,MOL000050,GLY,Bacillolysin,1961,2457,,0.92901,0.73
50,MOL000050,GLY,Dihydroxyacetone kinase,1992,2397,,0.97086,0.746
50,MOL000050,GLY,"Biphenyl-2,3-diol 1,2-dioxygenase",2006,2392,,0.8414,0.706
50,MOL000050,GLY,Arylsulfatase,2019,2713,,0.89545,0.71
50,MOL000050,GLY,Haloalkane dehalogenase,2020,2281,,0.96414,0.742
50,MOL000050,GLY,Probable pyruvate-flavodoxin oxidoreductase,2027,4117,,0.90161,0.7
50,MOL000050,GLY,Ferredoxin-dependent glutamate synthase 2,2041,4836,,0.85338,0.7
50,MOL000050,GLY,2-isopropylmalate synthase,2223,3179,,0.98544,0.722
50,MOL000050,GLY,"2-hydroxy-6-oxo-7-methylocta-2,4-dienoate hydrolase",2230,4674,,0.97374,0.752
50,MOL000050,GLY,1-aminocyclopropane-1-carboxylate deaminase,2235,2518,,0.97328,0.722
50,MOL000050,GLY,Hydroxylamine reductase,2241,3274,,0.82152,0.718
50,MOL000050,GLY,Clavaminate synthase 1,2260,2400,,0.95247,0.736
50,MOL000050,GLY,Nicotinate-nucleotide--dimethylbenzimidazole phosphoribosyltransferase,2262,2264,,0.89226,0.758
50,MOL000050,GLY,Glucose--fructose oxidoreductase,2269,2826,,0.89054,0.728
50,MOL000050,GLY,Peroxidase/catalase T,2270,518,,0.89502,0.704
50,MOL000050,GLY,Growth-inhibiting protein 18,2290,3877,,0.91349,0.746
50,MOL000050,GLY,Serine hydroxymethyltransferase 2,2362,3879,,0.91543,0.73
50,MOL000050,GLY,Serine hydroxymethyltransferase 1,2363,3880,,0.90865,0.706
50,MOL000050,GLY,Methylmalonyl-CoA carboxyltransferase 5S subunit,2479,2983,,0.98449,0.714
50,MOL000050,GLY,4-chlorobenzoyl CoA ligase,2595,5420,,0.83574,0.71
50,MOL000050,GLY,Phosphotriesterase,2652,5742,,0.962,0.722
50,MOL000050,GLY,"Oligopeptide ABC transporter, periplasmic oligopeptide-binding protein",2815,4526,,0.84097,0.708
50,MOL000050,GLY,"Glutamate dehydrogenase 1, mitochondrial",2870,201,,0.95783,0.714
50,MOL000050,GLY,Coagulation factor XIII A chain,2873,6,,0.96959,0.738
50,MOL000050,GLY,"Aspartate aminotransferase, mitochondrial",2874,426,,0.91997,0.756
50,MOL000050,GLY,"Glycogen phosphorylase, liver form",2918,10,,0.94046,0.7
50,MOL000050,GLY,Asparagine synthetase [glutamine-hydrolyzing],2940,242,,0.88282,0.7
50,MOL000050,GLY,Pyruvate kinase isozymes M1/M2,2986,98,,0.93982,0.738
50,MOL000050,GLY,Serine--pyruvate aminotransferase,3031,349,,0.97661,0.758
50,MOL000050,GLY,"Carnitine O-palmitoyltransferase 2, mitochondrial",3143,200,,0.96464,0.704
50,MOL000050,GLY,Alanine aminotransferase 1,3145,735,,0.97341,0.75
50,MOL000050,GLY,Cystathionine gamma-lyase,3190,868,,0.92697,0.74
50,MOL000050,GLY,"Serine hydroxymethyltransferase, cytosolic",3194,367,,0.91234,0.75
50,MOL000050,GLY,Glycyl-tRNA synthetase,3213,1466,,0.91512,0.702
50,MOL000050,GLY,Glycine N-methyltransferase,3265,411,,0.93375,0.728
50,MOL000050,GLY,"Probable alanyl-tRNA synthetase, mitochondrial",3303,4070,,0.97086,0.718
50,MOL000050,GLY,Glycine N-acyltransferase,3306,4057,,0.91769,0.722
50,MOL000050,GLY,"N-acetylglutamate synthase, mitochondrial",3335,4023,,0.97244,0.728
50,MOL000050,GLY,Glutamate [NMDA] receptor subunit 3A,3350,706,,0.8501,0.716
50,MOL000050,GLY,Alanine aminotransferase 2,3351,3904,,0.89906,0.708
50,MOL000050,GLY,Glycine N-acyltransferase-like protein 1,3371,4059,,0.91689,0.702
50,MOL000050,GLY,"Alanine--glyoxylate aminotransferase 2, mitochondrial",3427,114,,0.9777,0.764
50,MOL000050,GLY,Gephyrin,3464,4532,,0.97004,0.74
50,MOL000050,GLY,Group IIE secretory phospholipase A2,3485,6270,,0.87512,0.7
50,MOL000050,GLY,Peroxisomal sarcosine oxidase,3490,4061,,0.91676,0.716
50,MOL000050,GLY,Mitochondrial dicarboxylate carrier,3495,4010,,0.92284,0.702
50,MOL000050,GLY,"Tyrosyl-tRNA synthetase, mitochondrial",3524,399,,0.80014,0.702
50,MOL000050,GLY,NADP-dependent malic enzyme,3528,666,,0.98721,0.728
50,MOL000050,GLY,"Glutamate dehydrogenase 2, mitochondrial",3541,830,,0.96093,0.714
50,MOL000050,GLY,"Alanyl-tRNA synthetase, cytoplasmic",3543,323,,0.95713,0.744
50,MOL000050,GLY,"Glycine amidinotransferase, mitochondrial",3553,383,,0.98534,0.782
50,MOL000050,GLY,Calcium-transporting ATPase type 2C member 1,3610,241,,0.81452,0.718
50,MOL000050,GLY,"Cysteine desulfurase, mitochondrial",3635,169,,0.97904,0.748
50,MOL000050,GLY,Alanine--glyoxylate aminotransferase 2-like 2,3647,3899,,0.96335,0.726
50,MOL000050,GLY,Proton-coupled amino acid transporter 1,3660,593,,0.93907,0.736
50,MOL000050,GLY,Adenylosuccinate synthetase isozyme 1,3681,3978,,0.95197,0.734
50,MOL000050,GLY,L-lactate dehydrogenase A chain,3696,473,,0.95586,0.702
50,MOL000050,GLY,Glycine receptor subunit alpha-2,3702,820,,0.92145,0.72
50,MOL000050,GLY,"2-amino-3-ketobutyrate coenzyme A ligase, mitochondrial",3755,575,,0.96461,0.75
50,MOL000050,GLY,Glutamate [NMDA] receptor subunit epsilon-3,3757,505,,0.91727,0.71
50,MOL000050,GLY,"Pyruvate dehydrogenase E1 component subunit beta, mitochondrial",3789,110,,0.96787,0.706
50,MOL000050,GLY,Triosephosphate isomerase,3797,6346,,0.93683,0.706
50,MOL000050,GLY,"NAD-dependent malic enzyme, mitochondrial",3826,166,,0.97401,0.782
50,MOL000050,GLY,"5-aminolevulinate synthase, erythroid-specific, mitochondrial",3831,1088,,0.93965,0.73
50,MOL000050,GLY,Glycine receptor subunit alpha-3,3834,461,,0.93461,0.754
50,MOL000050,GLY,SHMT2 protein,3840,3884,,0.96692,0.738
50,MOL000050,GLY,Hypothetical protein DKFZp686P09201,3841,3885,,0.92753,0.716
50,MOL000050,GLY,"NADP-dependent malic enzyme, mitochondrial",3853,363,,0.9887,0.748
50,MOL000050,GLY,Choline/ethanolamine kinase [Includes: Choline kinase beta,3879,264,,0.92984,0.7
50,MOL000050,GLY,"5-aminolevulinate synthase, nonspecific, mitochondrial",3905,455,,0.93271,0.708
50,MOL000050,GLY,Migration-inducing protein 4,3906,3886,,0.93271,0.708
50,MOL000050,GLY,L-lactate dehydrogenase B chain,3913,77,,0.93932,0.702
50,MOL000050,GLY,Trypsin-3,3952,2886,,0.9768,0.744
50,MOL000050,GLY,HCMV DNA polymerase,127,379,,0.985612,0.706
50,MOL000050,GLY,"mRNA of Protein-tyrosine phosphatase, non-receptor type 1",229,687,,0.801063,0.728
50,MOL000050,GLY,Glutamate receptor 1,237,705,,0.897953,0.7
50,MOL000050,GLY,5-oxoprolinase,3056,4017,,0.979055,0.7
50,MOL000050,GLY,Calcium-binding mitochondrial carrier protein Aralar2,3844,513,,0.954174,0.702
50,MOL000050,GLY,Urease,124,370,,0.96102,0.7
50,MOL000050,GLY,UDP-glucose 4-epimerase,511,2762,,0.96142,0.7
50,MOL000050,GLY,Amine oxidase [flavin-containing] A,566,3941,,0.88849,0.702
50,MOL000050,GLY,mRNA of PKA Catalytic Subunit C-alpha,699,6263,,0.80083,0.7
50,MOL000050,GLY,Parathion hydrolase,1393,2796,,0.95755,0.704
50,MOL000050,GLY,Benzoylformate decarboxylase,1723,2357,,0.89041,0.704
50,MOL000050,GLY,Bifunctional polymyxin resistance protein arnA,2150,3257,,0.96242,0.7
50,MOL000050,GLY,Gamma-aminobutyraldehyde dehydrogenase,2155,2881,,0.90779,0.7
50,MOL000050,GLY,Pyruvate-ferredoxin oxidoreductase,2213,4562,,0.8638,0.7
50,MOL000050,GLY,Malonamidase E2,2859,4600,,0.97211,0.704
50,MOL000050,GLY,"Pyruvate carboxylase, mitochondrial",2969,771,,0.9396,0.704
50,MOL000050,GLY,"Succinate dehydrogenase [ubiquinone] flavoprotein subunit, mitochondrial",3182,197,,0.95174,0.702
50,MOL000050,GLY,Glucose-6-phosphate isomerase,3824,2206,,0.92961,0.704
50,MOL000050,GLY,Vacuolar ATP synthase catalytic subunit A,678,6057,,0.85476,0.702
50,MOL000050,GLY,Retinal dehydrogenase 1,728,611,,0.94843,0.7
50,MOL000050,GLY,Deacetoxycephalosporin C synthetase,1703,3334,,0.96294,0.7
50,MOL000050,GLY,"Glutamate receptor, ionotropic kainate 2",3651,918,,0.87287,0.7
50,MOL000050,GLY,Glycogen synthase 1,1388,5291,,0.84295,0.7
50,MOL000050,GLY,Glucarate dehydratase,1549,3708,,0.84478,0.7
52,MOL000052,Gulutamine,Prostaglandin G/H synthase 1,6,20,,0.94828,0.718
52,MOL000052,Gulutamine,"Nitric-oxide synthase, brain",28,76,,0.96911,0.73
52,MOL000052,Gulutamine,"4-aminobutyrate aminotransferase, mitochondrial",92,280,,0.98392,0.714
52,MOL000052,Gulutamine,Prostaglandin G/H synthase 2,94,290,,0.93611,0.74
52,MOL000052,Gulutamine,"Aspartate aminotransferase, cytoplasmic",202,586,,0.95185,0.718
52,MOL000052,Gulutamine,"mRNA of Protein-tyrosine phosphatase, non-receptor type 1",229,687,,0.85778,0.73
52,MOL000052,Gulutamine,Aldose reductase,288,822,,0.96581,0.736
52,MOL000052,Gulutamine,"Arginase II, mitochondrial",293,834,,0.9505,0.704
52,MOL000052,Gulutamine,Glutamate [NMDA] receptor subunit epsilon 1,295,837,,0.86529,0.75
52,MOL000052,Gulutamine,Gamma-aminobutyric acid receptor subunit alpha-1,309,872,,0.97064,0.718
52,MOL000052,Gulutamine,Cathepsin D,363,1243,,0.97549,0.73
52,MOL000052,Gulutamine,Leukotriene A-4 hydrolase,521,3060,,0.93409,0.71
52,MOL000052,Gulutamine,mRNA of PKA Catalytic Subunit C-alpha,699,6263,,0.94982,0.706
52,MOL000052,Gulutamine,Alcohol dehydrogenase 1B,726,444,,0.93844,0.714
52,MOL000052,Gulutamine,Aspartate aminotransferase,1161,2249,,0.94182,0.748
52,MOL000052,Gulutamine,Ferrichrome-iron receptor,1306,2427,,0.98739,0.726
52,MOL000052,Gulutamine,Bacillolysin,1961,2457,,0.98763,0.73
52,MOL000052,Gulutamine,Growth-inhibiting protein 18,2290,3877,,0.95525,0.712
52,MOL000052,Gulutamine,"Glutamate dehydrogenase 1, mitochondrial",2870,201,,0.97565,0.706
52,MOL000052,Gulutamine,"Ornithine carbamoyltransferase, mitochondrial",2872,336,,0.98421,0.704
52,MOL000052,Gulutamine,"Aspartate aminotransferase, mitochondrial",2874,426,,0.94879,0.744
52,MOL000052,Gulutamine,Glutamate receptor 2,3216,921,,0.97749,0.706
52,MOL000052,Gulutamine,S-adenosylmethionine synthetase isoform type-1,3613,453,,0.96224,0.706
52,MOL000052,Gulutamine,"Glutamate receptor, ionotropic kainate 2",3651,918,,0.98455,0.704
52,MOL000052,Gulutamine,Triosephosphate isomerase,3797,6346,,0.97128,0.722
52,MOL000052,Gulutamine,Glutamate [NMDA] receptor subunit 3A,3350,706,,0.9221,0.702
52,MOL000052,Gulutamine,Gamma-aminobutyric-acid receptor subunit alpha-6,3284,841,,0.9741,0.7
52,MOL000052,Gulutamine,Alanine aminotransferase 1,3145,735,,0.879912,0.7
52,MOL000052,Gulutamine,Calcium-transporting ATPase type 2C member 1,3610,241,,0.869493,0.7
52,MOL000052,Gulutamine,"NAD-dependent malic enzyme, mitochondrial",3826,166,,0.825698,0.702
53,MOL000053,Methose,Ferrichrome-iron receptor,1306,2427,,0.89995,0.7
54,MOL000054,L-,"Nitric-oxide synthase, brain",28,76,,0.94847,0.724
54,MOL000054,L-,Prostaglandin G/H synthase 2,94,290,,0.8733,0.72
55,MOL000055,L-Lysin,High-affinity cationic amino acid transporter-1,77,235,,0.93746,0.7
55,MOL000055,L-Lysin,Cationic amino acid transporter 4,3074,58,,0.93502,0.704
56,MOL000056,DTY,Prostaglandin G/H synthase 1,6,20,,0.92416,0.76
56,MOL000056,DTY,Dopamine D1 receptor,7,23,,0.87394,0.704
56,MOL000056,DTY,Thrombin,17,54,,0.94434,0.838
56,MOL000056,DTY,Muscarinic acetylcholine receptor M1,38,103,,0.80516,0.7
56,MOL000056,DTY,Beta-1 adrenergic receptor,63,193,,0.88698,0.742
56,MOL000056,DTY,Prostaglandin G/H synthase 2,94,290,,0.95395,0.84
56,MOL000056,DTY,"Nitric-oxide synthase, endothelial",95,291,,0.94856,0.822
56,MOL000056,DTY,Alpha-2A adrenergic receptor,105,318,,0.91608,0.742
56,MOL000056,DTY,Alpha-2C adrenergic receptor,126,378,,0.86802,0.746
56,MOL000056,DTY,Acetylcholinesterase,165,474,,0.9046,0.742
56,MOL000056,DTY,Alpha-1A adrenergic receptor,191,556,,0.87707,0.716
56,MOL000056,DTY,Alpha-2B adrenergic receptor,214,629,,0.89313,0.702
56,MOL000056,DTY,Alpha-1B adrenergic receptor,216,632,,0.83428,0.74
56,MOL000056,DTY,Beta-2 adrenergic receptor,261,766,,0.90502,0.76
56,MOL000056,DTY,Dipeptidyl peptidase IV,332,952,,0.92765,0.744
56,MOL000056,DTY,Beta-lactamase,499,2478,,0.93752,0.754
56,MOL000056,DTY,Amine oxidase [flavin-containing] B,565,3939,,0.97299,0.734
56,MOL000056,DTY,Chymotrypsinogen B,1696,6011,,0.90142,0.702
56,MOL000056,DTY,"mRNA of Protein-tyrosine phosphatase, non-receptor type 1",229,687,,0.80539,0.702
56,MOL000056,DTY,Sodium-dependent dopamine transporter,239,713,,0.89619,0.708
56,MOL000056,DTY,Amine oxidase [flavin-containing] A,566,3941,,0.97965,0.702
57,MOL000057,DIBP,Muscarinic acetylcholine receptor M3,16,51,,0.81001,0.724
57,MOL000057,DIBP,Muscarinic acetylcholine receptor M1,38,103,,0.83242,0.732
57,MOL000057,DIBP,Sodium-dependent noradrenaline transporter,186,540,,0.82573,0.726
57,MOL000057,DIBP,Sodium-dependent dopamine transporter,239,713,,0.8184,0.728
57,MOL000057,DIBP,Beta-2 adrenergic receptor,261,766,,0.83186,0.722
57,MOL000057,DIBP,Sodium-dependent serotonin transporter,290,824,,0.83615,0.716
57,MOL000057,DIBP,Gamma-aminobutyric acid receptor subunit alpha-1,309,872,,0.80016,0.708
57,MOL000057,DIBP,Muscarinic acetylcholine receptor M2,210,617,,0.85528,0.708
57,MOL000057,DIBP,5-hydroxytryptamine 2A receptor,175,502,,0.80221,0.702
57,MOL000057,DIBP,Progesterone receptor,209,614,,0.911793,0.728
57,MOL000057,DIBP,Mineralocorticoid receptor,252,737,,0.939881,0.702
57,MOL000057,DIBP,Glucocorticoid receptor,308,871,,0.921913,0.706
57,MOL000057,DIBP,Nuclear receptor coactivator 2,3276,6241,,0.811622,0.71
57,MOL000057,DIBP,Retinoic acid receptor RXR-alpha,158,459,,0.835641,0.702
58,MOL000058,"2-[(2R,5S,6S)-6,10-dimethylspiro[4.5]dec-9-en-2-yl]propan-2-ol",Gamma-aminobutyric-acid receptor alpha-2 subunit,141,423,,0.87406,0.728
58,MOL000058,"2-[(2R,5S,6S)-6,10-dimethylspiro[4.5]dec-9-en-2-yl]propan-2-ol",Gamma-aminobutyric-acid receptor alpha-5 subunit,181,523,,0.84214,0.7
58,MOL000058,"2-[(2R,5S,6S)-6,10-dimethylspiro[4.5]dec-9-en-2-yl]propan-2-ol",Gamma-aminobutyric-acid receptor alpha-3 subunit,200,580,,0.86667,0.704
58,MOL000058,"2-[(2R,5S,6S)-6,10-dimethylspiro[4.5]dec-9-en-2-yl]propan-2-ol",Muscarinic acetylcholine receptor M2,210,617,,0.82257,0.704
58,MOL000058,"2-[(2R,5S,6S)-6,10-dimethylspiro[4.5]dec-9-en-2-yl]propan-2-ol",Gamma-aminobutyric acid receptor subunit alpha-1,309,872,,0.90651,0.748
58,MOL000058,"2-[(2R,5S,6S)-6,10-dimethylspiro[4.5]dec-9-en-2-yl]propan-2-ol","Neuronal acetylcholine receptor protein, alpha-7 chain",581,4095,,0.87366,0.7
58,MOL000058,"2-[(2R,5S,6S)-6,10-dimethylspiro[4.5]dec-9-en-2-yl]propan-2-ol",Glutamate receptor 2,3216,921,,0.81819,0.706
58,MOL000058,"2-[(2R,5S,6S)-6,10-dimethylspiro[4.5]dec-9-en-2-yl]propan-2-ol",Gamma-aminobutyric-acid receptor subunit alpha-6,3284,841,,0.82101,0.74
59,MOL000059,uridine,Interferon alpha/beta receptor 2,4289,h001,validated,,
59,MOL000059,uridine,"Phospholipase A2, membrane associated",516,2981,validated,,
60,MOL000060,"selina-4(14),7(11)-dien-8-one",Muscarinic acetylcholine receptor M3,16,51,,0.80804,0.728
60,MOL000060,"selina-4(14),7(11)-dien-8-one",Muscarinic acetylcholine receptor M1,38,103,,0.85861,0.72
60,MOL000060,"selina-4(14),7(11)-dien-8-one",Prostaglandin G/H synthase 2,94,290,,0.84822,0.778
60,MOL000060,"selina-4(14),7(11)-dien-8-one",Gamma-aminobutyric-acid receptor alpha-2 subunit,141,423,,0.91055,0.716
60,MOL000060,"selina-4(14),7(11)-dien-8-one",Sodium-dependent noradrenaline transporter,186,540,,0.81966,0.702
60,MOL000060,"selina-4(14),7(11)-dien-8-one",Gamma-aminobutyric-acid receptor alpha-3 subunit,200,580,,0.90223,0.71
60,MOL000060,"selina-4(14),7(11)-dien-8-one",Gamma-aminobutyric acid receptor subunit alpha-1,309,872,,0.93927,0.748
60,MOL000060,"selina-4(14),7(11)-dien-8-one","Neuronal acetylcholine receptor protein, alpha-7 chain",581,4095,,0.8573,0.72
60,MOL000060,"selina-4(14),7(11)-dien-8-one",Gamma-aminobutyric-acid receptor subunit alpha-6,3284,841,,0.89102,0.734
60,MOL000060,"selina-4(14),7(11)-dien-8-one",Muscarinic acetylcholine receptor M2,210,617,,0.8741,0.7
61,MOL000061,Prolinum,Gamma-aminobutyric-acid receptor alpha-2 subunit,141,423,,0.926379,0.708
61,MOL000061,Prolinum,Gamma-aminobutyric acid receptor subunit alpha-1,309,872,,0.911634,0.77
61,MOL000061,Prolinum,Cathepsin D,363,1243,,0.921129,0.714
61,MOL000061,Prolinum,Peptidyl-prolyl cis-trans isomerase A,399,1524,,0.940436,0.7
61,MOL000061,Prolinum,Cholinesterase,559,3923,,0.895027,0.706
61,MOL000061,Prolinum,Alcohol dehydrogenase 1B,726,444,,0.91387,0.736
61,MOL000061,Prolinum,Alcohol dehydrogenase 1C,727,517,,0.914769,0.766
61,MOL000061,Prolinum,Cytochrome P450-cam,1143,2298,,0.977552,0.754
61,MOL000061,Prolinum,Lysozyme,1172,2300,,0.905371,0.724
61,MOL000061,Prolinum,Ferrichrome-iron receptor,1306,2427,,0.977264,0.71
61,MOL000061,Prolinum,Bacillolysin,1961,2457,,0.981009,0.718
61,MOL000061,Prolinum,1-aminocyclopropane-1-carboxylate deaminase,2235,2518,,0.900758,0.702
61,MOL000061,Prolinum,D-amino-acid oxidase,2992,6645,,0.938982,0.706
61,MOL000061,Prolinum,"Peptidyl-prolyl cis-trans isomerase, mitochondrial",3177,2554,,0.922342,0.702
61,MOL000061,Prolinum,"Glycine amidinotransferase, mitochondrial",3553,383,,0.8781,0.708
61,MOL000061,Prolinum,Prolyl 4-hydroxylase subunit alpha-1,3837,67,,0.922267,0.71
61,MOL000061,Prolinum,Trypsin-3,3952,2886,,0.912539,0.724
61,MOL000061,Prolinum,Gamma-aminobutyric-acid receptor subunit alpha-6,3284,841,,0.87144,0.702
61,MOL000061,Prolinum,Prostaglandin G/H synthase 2,94,290,,0.82084,0.7
61,MOL000061,Prolinum,Alcohol dehydrogenase 1A,729,251,,0.8925,0.7
62,MOL000062,biatractylolide,Glucocorticoid receptor,308,871,,0.87135,0.718
63,MOL000063,ATRACTYLODES MACROCEPHALA,Glucocorticoid receptor,308,871,,0.87353,0.714
64,MOL000064,D-Serin,Prostaglandin G/H synthase 1,6,20,,0.89233,0.738
64,MOL000064,D-Serin,"4-aminobutyrate aminotransferase, mitochondrial",92,280,,0.92512,0.748
64,MOL000064,D-Serin,Glutamate [NMDA] receptor subunit zeta-1,137,401,,0.9134,0.742
64,MOL000064,D-Serin,Kynureninase,148,435,,0.9317,0.718
64,MOL000064,D-Serin,Glycine receptor alpha-1 chain,169,482,,0.92152,0.772
64,MOL000064,D-Serin,"Aspartate aminotransferase, cytoplasmic",202,586,,0.90442,0.726
64,MOL000064,D-Serin,Aldose reductase,288,822,,0.81527,0.718
64,MOL000064,D-Serin,Gamma-aminobutyric acid receptor subunit alpha-1,309,872,,0.81928,0.736
64,MOL000064,D-Serin,Proto-oncogene tyrosine-protein kinase SRC,319,933,,0.89949,0.744
64,MOL000064,D-Serin,"Glycogen phosphorylase, muscle form",350,1152,,0.88819,0.7
64,MOL000064,D-Serin,Cathepsin D,363,1243,,0.89627,0.736
64,MOL000064,D-Serin,Cholinesterase,559,3923,,0.94415,0.73
64,MOL000064,D-Serin,Xanthine dehydrogenase/oxidase,568,3947,,0.87414,0.706
64,MOL000064,D-Serin,Alcohol dehydrogenase 1B,726,444,,0.83837,0.752
64,MOL000064,D-Serin,Alcohol dehydrogenase 1C,727,517,,0.8858,0.75
64,MOL000064,D-Serin,Cytochrome P450-cam,1143,2298,,0.92093,0.726
64,MOL000064,D-Serin,Aspartate aminotransferase,1161,2249,,0.90683,0.746
64,MOL000064,D-Serin,Ferrichrome-iron receptor,1306,2427,,0.9719,0.752
64,MOL000064,D-Serin,Histidinol dehydrogenase,1309,3191,,0.87548,0.726
64,MOL000064,D-Serin,Adenylosuccinate synthetase,1458,2632,,0.93883,0.724
64,MOL000064,D-Serin,D-alanyl-D-alanine carboxypeptidase,1669,2461,,0.89082,0.728
64,MOL000064,D-Serin,Monomeric sarcosine oxidase,1940,2380,,0.92333,0.71
64,MOL000064,D-Serin,Bacillolysin,1961,2457,,0.93443,0.758
64,MOL000064,D-Serin,Dihydroxyacetone kinase,1992,2397,,0.94096,0.704
64,MOL000064,D-Serin,"2-hydroxy-6-oxo-7-methylocta-2,4-dienoate hydrolase",2230,4674,,0.94585,0.72
64,MOL000064,D-Serin,1-aminocyclopropane-1-carboxylate deaminase,2235,2518,,0.96173,0.768
64,MOL000064,D-Serin,Nicotinate-nucleotide--dimethylbenzimidazole phosphoribosyltransferase,2262,2264,,0.80765,0.74
64,MOL000064,D-Serin,Methylmalonyl-CoA carboxyltransferase 5S subunit,2479,2983,,0.96407,0.708
64,MOL000064,D-Serin,"Aspartate aminotransferase, mitochondrial",2874,426,,0.8442,0.706
64,MOL000064,D-Serin,Serine--pyruvate aminotransferase,3031,349,,0.93706,0.73
64,MOL000064,D-Serin,Alanine aminotransferase 1,3145,735,,0.84108,0.722
64,MOL000064,D-Serin,Cystathionine gamma-lyase,3190,868,,0.88692,0.724
64,MOL000064,D-Serin,"Alanine--glyoxylate aminotransferase 2, mitochondrial",3427,114,,0.80317,0.716
64,MOL000064,D-Serin,NADP-dependent malic enzyme,3528,666,,0.94396,0.7
64,MOL000064,D-Serin,"Glycine amidinotransferase, mitochondrial",3553,383,,0.93907,0.76
64,MOL000064,D-Serin,"Cysteine desulfurase, mitochondrial",3635,169,,0.86528,0.72
64,MOL000064,D-Serin,"NAD-dependent malic enzyme, mitochondrial",3826,166,,0.91893,0.744
64,MOL000064,D-Serin,"NADP-dependent malic enzyme, mitochondrial",3853,363,,0.94586,0.72
64,MOL000064,D-Serin,L-serine dehydratase,3872,184,,0.91197,0.704
64,MOL000064,D-Serin,Trypsin-3,3952,2886,,0.93211,0.72
65,MOL000065,ASI,"Nitric-oxide synthase, brain",28,76,,0.93001,0.702
65,MOL000065,ASI,"4-aminobutyrate aminotransferase, mitochondrial",92,280,,0.97036,0.714
65,MOL000065,ASI,"Aspartate aminotransferase, cytoplasmic",202,586,,0.97775,0.752
65,MOL000065,ASI,"mRNA of Protein-tyrosine phosphatase, non-receptor type 1",229,687,,0.92354,0.74
65,MOL000065,ASI,Aldose reductase,288,822,,0.97206,0.726
65,MOL000065,ASI,Gamma-aminobutyric acid receptor subunit alpha-1,309,872,,0.94726,0.716
65,MOL000065,ASI,Cathepsin D,363,1243,,0.9417,0.71
65,MOL000065,ASI,M-phase inducer phosphatase 2,525,3105,,0.93267,0.7
65,MOL000065,ASI,Cholinesterase,559,3923,,0.95268,0.706
65,MOL000065,ASI,Alcohol dehydrogenase 1B,726,444,,0.93632,0.706
65,MOL000065,ASI,Alcohol dehydrogenase 1C,727,517,,0.94639,0.724
65,MOL000065,ASI,Cytochrome P450-cam,1143,2298,,0.98534,0.704
65,MOL000065,ASI,Aspartate aminotransferase,1161,2249,,0.95932,0.75
65,MOL000065,ASI,Ferrichrome-iron receptor,1306,2427,,0.9888,0.742
65,MOL000065,ASI,Adenylosuccinate synthetase,1458,2632,,0.96921,0.712
65,MOL000065,ASI,Bacillolysin,1961,2457,,0.97896,0.738
65,MOL000065,ASI,1-aminocyclopropane-1-carboxylate deaminase,2235,2518,,0.97783,0.704
65,MOL000065,ASI,Growth-inhibiting protein 18,2290,3877,,0.98013,0.74
65,MOL000065,ASI,"Glutamate dehydrogenase 1, mitochondrial",2870,201,,0.98268,0.7
65,MOL000065,ASI,"Aspartate aminotransferase, mitochondrial",2874,426,,0.95301,0.728
65,MOL000065,ASI,Creatine kinase M-type,2917,788,,0.93868,0.702
65,MOL000065,ASI,S-adenosylmethionine synthetase isoform type-1,3613,453,,0.97758,0.724
65,MOL000065,ASI,Triosephosphate isomerase,3797,6346,,0.96939,0.724
65,MOL000065,ASI,"NAD-dependent malic enzyme, mitochondrial",3826,166,,0.93702,0.744
65,MOL000065,ASI,Arachidonate 5-lipoxygenase,88,275,,0.94198,0.704
65,MOL000065,ASI,Glutamate receptor 1,237,705,,0.90997,0.708
65,MOL000065,ASI,"Glycogen phosphorylase, muscle form",350,1152,,0.95355,0.7
65,MOL000065,ASI,mRNA of PKA Catalytic Subunit C-alpha,699,6263,,0.86643,0.712
65,MOL000065,ASI,Methionyl-tRNA synthetase,1190,2800,,0.94551,0.704
65,MOL000065,ASI,Formate acetyltransferase 1,1353,3178,,0.86481,0.704
65,MOL000065,ASI,Monomeric sarcosine oxidase,1940,2380,,0.96462,0.706
65,MOL000065,ASI,Nicotinate-nucleotide--dimethylbenzimidazole phosphoribosyltransferase,2262,2264,,0.82757,0.71
65,MOL000065,ASI,"Ornithine carbamoyltransferase, mitochondrial",2872,336,,0.95869,0.7
65,MOL000065,ASI,Pyruvate kinase isozymes M1/M2,2986,98,,0.87074,0.71
65,MOL000065,ASI,Serine--pyruvate aminotransferase,3031,349,,0.94654,0.71
65,MOL000065,ASI,Prolyl 3-hydroxylase 3,3331,3951,,0.86395,0.702
65,MOL000065,ASI,"Glycine amidinotransferase, mitochondrial",3553,383,,0.94519,0.716
65,MOL000065,ASI,Adenylosuccinate synthetase isozyme 1,3681,3978,,0.95286,0.704
65,MOL000065,ASI,"NADP-dependent malic enzyme, mitochondrial",3853,363,,0.93445,0.702
65,MOL000065,ASI,Dihydroorotase,505,2646,,0.990288,0.708
65,MOL000065,ASI,Arginase-1,730,315,,0.872709,0.704
65,MOL000065,ASI,D-alanyl-D-alanine carboxypeptidase,1669,2461,,0.890708,0.7
65,MOL000065,ASI,Aromatic-amino-acid aminotransferase,2216,2537,,0.986323,0.702
65,MOL000065,ASI,Calcium-binding mitochondrial carrier protein Aralar1,3114,262,,0.880892,0.704
65,MOL000065,ASI,"Succinate dehydrogenase [ubiquinone] flavoprotein subunit, mitochondrial",3182,197,,0.838095,0.7
65,MOL000065,ASI,S-adenosylmethionine synthetase isoform type-2,3184,334,,0.97314,0.704
65,MOL000065,ASI,"Glutamate dehydrogenase 2, mitochondrial",3541,830,,0.976976,0.702
65,MOL000065,ASI,"Glutamate receptor, ionotropic kainate 2",3651,918,,0.96009,0.702
65,MOL000065,ASI,Mitochondrial aspartate-glutamate carrier protein,3843,305,,0.943653,0.71
65,MOL000065,ASI,Calcium-binding mitochondrial carrier protein Aralar2,3844,513,,0.949116,0.71
66,MOL000066,alloaromadedrene,Muscarinic acetylcholine receptor M3,16,51,,0.964952,0.704
66,MOL000066,alloaromadedrene,Muscarinic acetylcholine receptor M2,210,617,,0.944519,0.708
66,MOL000066,alloaromadedrene,Gamma-aminobutyric acid receptor subunit alpha-1,309,872,,0.97236,0.7
66,MOL000066,alloaromadedrene,Muscarinic acetylcholine receptor M1,38,103,,0.95319,0.704
66,MOL000066,alloaromadedrene,Neuronal acetylcholine receptor subunit alpha-2,284,813,,0.92577,0.702
67,MOL000067,L-Valin,Prostaglandin G/H synthase 1,6,20,,0.87433,0.712
67,MOL000067,L-Valin,"Nitric-oxide synthase, brain",28,76,,0.88357,0.704
67,MOL000067,L-Valin,"4-aminobutyrate aminotransferase, mitochondrial",92,280,,0.94685,0.72
67,MOL000067,L-Valin,Prostaglandin G/H synthase 2,94,290,,0.83429,0.724
67,MOL000067,L-Valin,Glycine receptor alpha-1 chain,169,482,,0.90675,0.722
67,MOL000067,L-Valin,"mRNA of Protein-tyrosine phosphatase, non-receptor type 1",229,687,,0.92353,0.7
67,MOL000067,L-Valin,Branched chain amino acid-dependent aminotransferase,275,795,,0.97769,0.712
67,MOL000067,L-Valin,Aldose reductase,288,822,,0.95399,0.706
67,MOL000067,L-Valin,Gamma-aminobutyric acid receptor subunit alpha-1,309,872,,0.93613,0.752
67,MOL000067,L-Valin,Cholinesterase,559,3923,,0.96698,0.724
67,MOL000067,L-Valin,Alcohol dehydrogenase 1C,727,517,,0.90927,0.708
67,MOL000067,L-Valin,Cytochrome P450-cam,1143,2298,,0.98262,0.726
67,MOL000067,L-Valin,Aspartate aminotransferase,1161,2249,,0.931,0.714
67,MOL000067,L-Valin,Ferrichrome-iron receptor,1306,2427,,0.98032,0.748
67,MOL000067,L-Valin,Bacillolysin,1961,2457,,0.96988,0.75
67,MOL000067,L-Valin,1-aminocyclopropane-1-carboxylate deaminase,2235,2518,,0.96055,0.728
67,MOL000067,L-Valin,"Glycine amidinotransferase, mitochondrial",3553,383,,0.96869,0.738
67,MOL000067,L-Valin,"NAD-dependent malic enzyme, mitochondrial",3826,166,,0.9148,0.742
67,MOL000067,L-Valin,Haloalkane dehalogenase,2020,2281,,0.917484,0.7
67,MOL000067,L-Valin,"Aspartate aminotransferase, cytoplasmic",202,586,,0.95136,0.7
67,MOL000067,L-Valin,Cathepsin D,363,1243,,0.93022,0.704
67,MOL000067,L-Valin,Formate dehydrogenase H,1326,2638,,0.91889,0.7
67,MOL000067,L-Valin,Deacetoxycephalosporin C synthetase,1703,3334,,0.97074,0.708
67,MOL000067,L-Valin,2-isopropylmalate synthase,2223,3179,,0.96918,0.708
67,MOL000067,L-Valin,"Ornithine carbamoyltransferase, mitochondrial",2872,336,,0.93876,0.702
67,MOL000067,L-Valin,Cystathionine gamma-lyase,3190,868,,0.94849,0.7
67,MOL000067,L-Valin,S-adenosylmethionine synthetase isoform type-1,3613,453,,0.94639,0.704
67,MOL000067,L-Valin,Amine oxidase [flavin-containing] B,565,3939,,0.82566,0.704
68,MOL000068,L-Ile,"Nitric-oxide synthase, brain",28,76,,0.86439,0.718
68,MOL000068,L-Ile,"4-aminobutyrate aminotransferase, mitochondrial",92,280,,0.91979,0.708
68,MOL000068,L-Ile,Branched chain amino acid-dependent aminotransferase,275,795,,0.95487,0.73
68,MOL000068,L-Ile,Gamma-aminobutyric acid receptor subunit alpha-1,309,872,,0.91012,0.738
68,MOL000068,L-Ile,Cathepsin D,363,1243,,0.94703,0.716
68,MOL000068,L-Ile,Cholinesterase,559,3923,,0.87235,0.728
68,MOL000068,L-Ile,Alcohol dehydrogenase 1C,727,517,,0.90313,0.7
68,MOL000068,L-Ile,Cytochrome P450-cam,1143,2298,,0.95603,0.72
68,MOL000068,L-Ile,Ferrichrome-iron receptor,1306,2427,,0.9676,0.714
68,MOL000068,L-Ile,Bacillolysin,1961,2457,,0.96478,0.734
68,MOL000068,L-Ile,Gamma-aminobutyric-acid receptor subunit alpha-6,3284,841,,0.9481,0.71
68,MOL000068,L-Ile,"Glycine amidinotransferase, mitochondrial",3553,383,,0.92082,0.7
68,MOL000068,L-Ile,"Branched-chain-amino-acid aminotransferase, cytosolic",3694,574,,0.90651,0.706
68,MOL000068,L-Ile,"Renin, renal",99,298,,0.847586,0.718
69,MOL000069,palmitic acid,Cathepsin D,363,1243,,0.924308,0.72
69,MOL000069,palmitic acid,Alcohol dehydrogenase 1B,726,444,,0.906377,0.71
69,MOL000069,palmitic acid,Alcohol dehydrogenase 1C,727,517,,0.923102,0.74
69,MOL000069,palmitic acid,Prostaglandin G/H synthase 1,6,20,,0.84976,0.73
69,MOL000069,palmitic acid,Prostaglandin G/H synthase 2,94,290,,0.81267,0.756
69,MOL000069,palmitic acid,Rhodopsin,477,2207,,0.94961,0.704
69,MOL000069,palmitic acid,Ig gamma-1 chain C region,1201,4785,,0.97902,0.726
69,MOL000069,palmitic acid,Ferrichrome-iron receptor,1306,2427,,0.94011,0.714
69,MOL000069,palmitic acid,Nuclear receptor coactivator 2,3276,6241,,0.93012,0.734
69,MOL000069,palmitic acid,Apoptosis regulator Bcl-2,86,273,validated,,
69,MOL000069,palmitic acid,Interleukin-10,4292,h001,validated,,
69,MOL000069,palmitic acid,Tumor necrosis factor,265,777,validated,,
69,MOL000069,palmitic acid,Collagen alpha-1(I) chain,731,28,validated,,
69,MOL000069,palmitic acid,"Phosphatidylinositol-3,4,5-trisphosphate 3-phosphatase and dual-specificity protein phosphatase PTEN",4620,h001,validated,,
69,MOL000069,palmitic acid,Putative beta-glucuronidase-like protein SMA3,4486,h001,validated,,
69,MOL000069,palmitic acid,Solute carrier family 22 member 5,4532,h001,validated,,
69,MOL000069,palmitic acid,Choline-phosphate cytidylyltransferase A,3542,677,validated,,
71,MOL000071,Istidina,Prostaglandin G/H synthase 2,94,290,,0.82069,0.764
71,MOL000071,Istidina,Prostaglandin G/H synthase 1,6,20,,0.81331,0.704
72,MOL000072,8β-ethoxy atractylenolide Ⅲ,Prostaglandin G/H synthase 2,94,290,,0.90571,0.776
72,MOL000072,8β-ethoxy atractylenolide Ⅲ,Gamma-aminobutyric acid receptor subunit alpha-1,309,872,,0.94164,0.734
72,MOL000072,8β-ethoxy atractylenolide Ⅲ,"Neuronal acetylcholine receptor protein, alpha-7 chain",581,4095,,0.84899,0.712
72,MOL000072,8β-ethoxy atractylenolide Ⅲ,Nuclear receptor coactivator 2,3276,6241,,0.81898,0.778
72,MOL000072,8β-ethoxy atractylenolide Ⅲ,Nuclear receptor coactivator 1,3279,6228,,0.81598,0.7
